title,price,detail
[행복담기] 편의점 촉촉한 반숙란 찐 반숙계란 동의반숙란 20구,"10,900원","['식품품질인증 : HACCP', '형태 : 반숙', '달걀크기 : 대란', '색상별 : 갈색란', '수정여부 : 무정란', '개수 : 20구']"
맛조은란 반숙계란 반숙란 한판 30개,"12,900원",[]
맛조은란 반숙계란 한판 30개 반숙란 삶은계란,"14,400원",[]
무항생제 반숙란30구 계란반숙 구운란 군계란 찜질방 훈제 삶은달걀,"12,900원","['형태 : 반숙', '달걀크기 : 대란', '색상별 : 갈색란', '사육환경 : 축사내 평사']"
"[호유란] 30개입, 짜지않고 촉촉한 반숙계란 반숙란","15,900원","['식품품질인증 : HACCP', '형태 : 반숙', '달걀크기 : 대란', '색상별 : 갈색란', '수정여부 : 무정란']"
"[호유란]20개(2개입X10개), 짜지않고 촉촉한 반숙계란 반숙란 축산/계란","13,900원",[]
반숙란 10개입 500g,"5,980원",[]
계림농장 아산맑은 반숙란 30개입,"11,900원","['친환경인증 : 무항생제축산물', '식품품질인증 : HACCP', '형태 : 반숙', '색상별 : 갈색란']"
반숙란30구 반숙계란 계란반숙 촉촉한 반숙이,"17,900원",[]
반숙란 10개입 500g,"5,980원",[]
계림농장 7일간 숙성을 거친 반숙란 30구,"11,800원","['식품품질인증 : HACCP', '형태 : 반숙', '달걀크기 : 중란', '색상별 : 갈색란', '수정여부 : 무정란', '사육환경 : 방사']"
HACCP인증 삶은계란 반숙란 반숙계란 대란 30구,"15,900원","['식품품질인증 : HACCP', '형태 : 반숙', '달걀크기 : 대란', '색상별 : 갈색란', '수정여부 : 무정란', '사육환경 : 개선케이지']"
HACCP인증 맥반석 훈제 구운란 구운계란 반숙란 삶은계란,"11,900원","['식품품질인증 : HACCP', '형태 : 완숙', '달걀크기 : 중란', '색상별 : 갈색란', '수정여부 : 무정란', '사육환경 : 개선케이지']"
HACCP인증 삶은계란 반숙란 반숙계란 대란 60구,"29,900원","['식품품질인증 : HACCP', '형태 : 반숙', '달걀크기 : 대란', '색상별 : 갈색란', '수정여부 : 무정란', '사육환경 : 개선케이지']"
세양농업법인 자연애찬 노른자에 간이 배어 있는 반숙란 20구,"14,200원",[]
[계림농장] 반숙란 30개입 + 훈제란 30개입,"25,400원",[]
[계림농장] 반숙란 30개입 + 훈제란 30개입,"23,622원",[]
[계림농장] 반숙란 30개입 + 훈제란 30개입,"25,400원",[]
반숙란(대란) 30구 / HACCP인증,"12,380원",[]
반숙란(대란) 30구 / HACCP인증,"13,900원",[]
HACCP인증 삶은계란 반숙란 반숙계란 대란 40구,"26,790원",[]
HACCP인증 삶은계란 반숙란 반숙계란 대란 60구,"27,510원",[]
HACCP인증 삶은계란 반숙란 반숙계란 대란 30구,"16,230원",[]
HACCP인증 구운계란 대란 20구 + 반숙란 대란 20구,"25,830원",[]
HACCP인증 삶은계란 반숙란 반숙계란 대란 60구,"29,900원","['식품품질인증 : HACCP', '형태 : 반숙', '달걀크기 : 대란', '색상별 : 갈색란', '수정여부 : 무정란', '사육환경 : 개선케이지']"
촉촉한 반숙란 20구 / 대란 HACCP 반숙계란,"11,750원",[]
구운란 대란 20구 + 반숙란 20구 / 구운계란 반숙계란,"19,650원",[]
[온전한시간] 편의점계란 구운계란 반숙란 감동란 맥반석계란 구운란,"6,100원",[]
[온도씨]하루한알 쫄깃한 구운란 vs 촉촉한 반숙란,"12,900원",[]
[온도씨]하루한알 쫄깃한 구운란 vs 촉촉한 반숙란,"12,900원",[]
[지투지샵] 반숙란(60알),"32,300원",[]
반숙란(60알),"34,790원",[]
[지투지샵]반숙란(60알),"33,370원",[]
[지투지샵]반숙란(30알),"18,330원",[]
반숙란(30알),"19,110원",[]
탱글탱글 반숙란(대란) 20구 (2판),"25,390원",[]
[감동] 탱글탱글 무항생제 반숙란(대란) 30구 (2판),"30,850원",[]
[감동] 탱글탱글 무항생제 반숙란(대란) 30구 (1판),"17,200원",[]
탱글탱글 반숙란(대란) 20구 (2판),"24,610원",[]
찬란 구운란  (대란)30구1판 + 반숙란(대란)30구1판,"28,900원",[]
탱글탱글 반숙란(대란) 20구 (1판),"13,530원",[]
탱글탱글 반숙란(대란) 20구 (2판),"25,750원",[]
탱글탱글 반숙란(대란) 20구 (1판),"15,190원",[]
탱글탱글 반숙란(대란) 20구 (2판),"25,760원",[]
탱글탱글 반숙란(대란) 20구 (1판),"14,670원",[]
꿀담 구운란(중란) 30구+반숙란(대란) 30구,"27,800원",[]
HACCP인증 반숙란(대란) 20구/2판,"23,900원",[]
구운란(중란) 20구+반숙란(대란) 20구,"20,900원",[]
HACCP인증 반숙란(대란) 30구/2판,"26,900원",[]
HACCP인증 반숙란(대란) 20구/1판,"12,900원",[]
